{
  "TFT15_BattleAcademia": "전투사관학교",
  "TFT15_CrystalGambit": "수정 갬빗",
  "TFT15_Luchador": "프로레슬러",
  "TFT15_Mentor": "멘토",
  "TFT15_MightyMech": "거대 메크",
  "TFT15_MonsterTrainer": "괴물 조련사",
  "TFT15_SupremeCells": "수프림 셀",
  "TFT15_SoulFighter": "소울 파이터",
  "TFT15_Wraith": "악령",
  "TFT15_Bastion": "요새",
  "TFT15_Juggernaut": "전쟁기계",
  "TFT15_Executioner": "처형자",
  "TFT15_Edgelord": "이단아",
  "TFT15_Prodigy": "신동",
  "TFT15_Protector": "봉쇄자",
  "TFT15_Sniper": "저격수",
  "TFT15_Spellslinger": "마법사",
  "TFT15_Strategist": "책략가",
  "TFT15_Duelist": "결투가",
  "TFT15_Heavyweight": "헤비급",
  "TFT15_StarGuardian": "별 수호자",
  "TFT15_TheCrew": "크루",
  "TFT15_TheChamp": "레슬링 챔피언",
  "TFT15_StanceMaster": "태세의 대가",
  "TFT15_Captain": "해적선장",
  "TFT15_Rosemother": "장미의 어머니"
}